{
"Date": "6/28/2024 2:51:41 AM",
"UnityVersion": "2022.3.21f1",
"com.unity.scriptablebuildpipeline": "2.0.1",
"traceEvents": [
{"name": "AssetDatabase.SaveAssets", "ph": "X", "dur": 99799, "tid": 1, "ts": 5675, "pid": 1}
,{"name": "SwitchToBuildPlatform", "ph": "X", "dur": 242.899999999992, "tid": 1, "ts": 133100, "pid": 1}
,{"name": "RebuildSpriteAtlasCache", "ph": "X", "dur": 1004.60000000001, "tid": 1, "ts": 133665, "pid": 1}
,{"name": "BuildPlayerScripts", "ph": "X", "dur": 35745699.1, "tid": 1, "ts": 134810, "pid": 1}
,{"name": "PostScriptsCallback", "ph": "X", "dur": 271.699999997509, "tid": 1, "ts": 35881321, "pid": 1}
,{"name": "CalculateSceneDependencyData", "ph": "X", "dur": 1067496.5, "tid": 1, "ts": 35881782, "pid": 1}
,{"name": "LoadCachedData", "ph": "X", "dur": 27960.8000000007, "tid": 1, "ts": 35902209, "pid": 1, "args": {"0":"1 items", "1":"Time spent deserializing: 26ms", "2":"Local Cache hit count: 0"}}
,{"name": "Read and deserialize cache info", "ph": "X", "dur": 26821.9000000026, "tid": 1, "ts": 35903317, "pid": 1}
,{"name": "Check for changed dependencies", "ph": "X", "dur": 916.900000003807, "tid": 1, "ts": 35930174, "pid": 1, "args": {"0":"Unchanged dependencies count: 0"}}
,{"name": "Calculate Scene Dependencies", "ph": "X", "dur": 878709.799999997, "tid": 1, "ts": 35931314, "pid": 1, "args": {"0":"9fc0d4010bbf28b4594072e72b8655ab"}}
,{"name": "SaveCachedData", "ph": "X", "dur": 135229.299999999, "tid": 1, "ts": 36812302, "pid": 1, "args": {"0":"Saving 1 infos"}}
,{"name": "SerializingCacheInfos[1]", "ph": "X", "dur": 127662.199999999, "tid": 1, "ts": 36819858, "pid": 1}
,{"name": "CalculateCustomDependencyData", "ph": "X", "dur": 1999.89999999525, "tid": 1, "ts": 36949544, "pid": 1}
,{"name": "CalculateAssetDependencyData", "ph": "X", "dur": 48812.9999999946, "tid": 1, "ts": 36951718, "pid": 1, "args": {"0":"0cd44c1031e13a943bb63640046fad76", "1":"5f7201a12d95ffc409449d95f23cf332", "2":"76c392e42b5098c458856cdf6ecaaaa1", "3":"de0adfc68dc246d19fe4403d46b3bf31", "4":"c1294d775c168e347b89f56e0ffe5a28", "5":"8a60b7cb14806c74b95288ea677b6a0d", "6":"dc42784cf147c0c48a680349fa168899", "7":"4f231c4fb786f3946a6b90b886c48677", "8":"f4df8c370f38e8444961e18d4bab04c7"}}
,{"name": "Gathering Cache Entries to Load", "ph": "X", "dur": 1448.59999999608, "tid": 1, "ts": 36955969, "pid": 1}
,{"name": "LoadCachedData", "ph": "X", "dur": 981.699999996636, "tid": 1, "ts": 36956425, "pid": 1, "args": {"0":"9 items", "1":"Time spent deserializing: 0ms", "2":"Local Cache hit count: 0"}}
,{"name": "Read and deserialize cache info", "ph": "X", "dur": 965.199999998731, "tid": 1, "ts": 36956433, "pid": 1}
,{"name": "Check for changed dependencies", "ph": "X", "dur": 4.80000000243308, "tid": 1, "ts": 36957407, "pid": 1, "args": {"0":"Unchanged dependencies count: 0"}}
,{"name": "Calculate Asset Dependencies", "ph": "X", "dur": 1685.30000000464, "tid": 1, "ts": 36957692, "pid": 1}
,{"name": "Calculate Asset Dependencies", "ph": "X", "dur": 98.7999999997555, "tid": 1, "ts": 36959380, "pid": 1}
,{"name": "Calculate Asset Dependencies", "ph": "X", "dur": 37.1000000013737, "tid": 1, "ts": 36959479, "pid": 1}
,{"name": "Calculate Asset Dependencies", "ph": "X", "dur": 624.89999999525, "tid": 1, "ts": 36959516, "pid": 1}
,{"name": "Calculate Asset Dependencies", "ph": "X", "dur": 136.200000000827, "tid": 1, "ts": 36960143, "pid": 1}
,{"name": "Calculate Asset Dependencies", "ph": "X", "dur": 52.9999999998836, "tid": 1, "ts": 36960280, "pid": 1}
,{"name": "Calculate Asset Dependencies", "ph": "X", "dur": 2349.5000000039, "tid": 1, "ts": 36960333, "pid": 1}
,{"name": "Calculate Asset Dependencies", "ph": "X", "dur": 100.200000000768, "tid": 1, "ts": 36962685, "pid": 1}
,{"name": "Calculate Asset Dependencies", "ph": "X", "dur": 1648.99999999761, "tid": 1, "ts": 36962786, "pid": 1}
,{"name": "Gathering Cache Entries to Save", "ph": "X", "dur": 22179.2000000059, "tid": 1, "ts": 36973553, "pid": 1}
,{"name": "SaveCachedData", "ph": "X", "dur": 20612.2000000032, "tid": 1, "ts": 36975109, "pid": 1, "args": {"0":"Saving 9 infos"}}
,{"name": "SerializingCacheInfos[9]", "ph": "X", "dur": 19050.4000000001, "tid": 1, "ts": 36976662, "pid": 1}
,{"name": "StripUnusedSpriteSources", "ph": "X", "dur": 878.40000000142, "tid": 1, "ts": 37000678, "pid": 1}
,{"name": "PostDependencyCallback", "ph": "X", "dur": 149.799999999232, "tid": 1, "ts": 37001630, "pid": 1}
,{"name": "GenerateBundlePacking", "ph": "X", "dur": 18564.1999999934, "tid": 1, "ts": 37001855, "pid": 1}
,{"name": "GenerateBundleCommands", "ph": "X", "dur": 24759.8999999973, "tid": 1, "ts": 37020579, "pid": 1}
,{"name": "GenerateSubAssetPathMaps", "ph": "X", "dur": 1295.7000000024, "tid": 1, "ts": 37045529, "pid": 1}
,{"name": "GenerateBundleMaps", "ph": "X", "dur": 10351.1999999973, "tid": 1, "ts": 37046916, "pid": 1}
,{"name": "Temporary Map Creations", "ph": "X", "dur": 5335.10000000388, "tid": 1, "ts": 37050445, "pid": 1}
,{"name": "Populate BuildReferenceMaps", "ph": "X", "dur": 1038.89999999956, "tid": 1, "ts": 37055783, "pid": 1}
,{"name": "Populate BuildUsageTagSet", "ph": "X", "dur": 439.09999999596, "tid": 1, "ts": 37056827, "pid": 1}
,{"name": "PostPackingCallback", "ph": "X", "dur": 277.099999999336, "tid": 1, "ts": 37057453, "pid": 1}
,{"name": "WriteSerializedFiles", "ph": "X", "dur": 1839478, "tid": 1, "ts": 37057850, "pid": 1}
,{"name": "RunCachedOperation", "ph": "X", "dur": 1834937.00000001, "tid": 1, "ts": 37062390, "pid": 1, "args": {"0":"Total Entries: 2, Processed: 2, Cached: 0"}}
,{"name": "Creating Cache Entries", "ph": "X", "dur": 30104.7000000035, "tid": 1, "ts": 37062458, "pid": 1}
,{"name": "GetCacheEntry", "ph": "X", "dur": 11398.500000003, "tid": 1, "ts": 37063028, "pid": 1, "args": {"0":"CAB-8b0f73daf6d6fe927b5bc059b49792e3"}}
,{"name": "Gather Objects AssetBundleWriteOperation", "ph": "X", "dur": 3469.3000000043, "tid": 1, "ts": 37063940, "pid": 1, "args": {"0":"CAB-8b0f73daf6d6fe927b5bc059b49792e3"}}
,{"name": "Hashing Command", "ph": "X", "dur": 1173.3000000022, "tid": 1, "ts": 37067413, "pid": 1, "args": {"0":"CAB-8b0f73daf6d6fe927b5bc059b49792e3"}}
,{"name": "Hashing UsageSet", "ph": "X", "dur": 685.199999999895, "tid": 1, "ts": 37068587, "pid": 1, "args": {"0":"CAB-8b0f73daf6d6fe927b5bc059b49792e3"}}
,{"name": "Hashing ReferenceMap", "ph": "X", "dur": 860.200000002806, "tid": 1, "ts": 37069275, "pid": 1, "args": {"0":"CAB-8b0f73daf6d6fe927b5bc059b49792e3"}}
,{"name": "Hashing Info", "ph": "X", "dur": 1091.39999999752, "tid": 1, "ts": 37070140, "pid": 1, "args": {"0":"CAB-8b0f73daf6d6fe927b5bc059b49792e3"}}
,{"name": "Hashing Objects", "ph": "X", "dur": 757.500000006985, "tid": 1, "ts": 37071234, "pid": 1, "args": {"0":"CAB-8b0f73daf6d6fe927b5bc059b49792e3"}}
,{"name": "GetCacheEntry", "ph": "X", "dur": 18125.2999999997, "tid": 1, "ts": 37074433, "pid": 1, "args": {"0":"CAB-c027b5d99f29eca69deb8d470fdba74d.sharedAssets"}}
,{"name": "Gather Objects", "ph": "X", "dur": 169.79999999603, "tid": 1, "ts": 37076951, "pid": 1, "args": {"0":"CAB-c027b5d99f29eca69deb8d470fdba74d.sharedAssets"}}
,{"name": "Hashing Command", "ph": "X", "dur": 30.2000000010594, "tid": 1, "ts": 37077124, "pid": 1, "args": {"0":"CAB-c027b5d99f29eca69deb8d470fdba74d.sharedAssets"}}
,{"name": "Hashing UsageSet", "ph": "X", "dur": 5.89999999647262, "tid": 1, "ts": 37077157, "pid": 1, "args": {"0":"CAB-c027b5d99f29eca69deb8d470fdba74d.sharedAssets"}}
,{"name": "Hashing ReferenceMap", "ph": "X", "dur": 10.3000000017346, "tid": 1, "ts": 37077164, "pid": 1, "args": {"0":"CAB-c027b5d99f29eca69deb8d470fdba74d.sharedAssets"}}
,{"name": "Hashing PreloadInfo", "ph": "X", "dur": 210.400000003574, "tid": 1, "ts": 37077176, "pid": 1, "args": {"0":"CAB-c027b5d99f29eca69deb8d470fdba74d.sharedAssets"}}
,{"name": "Hashing Info", "ph": "X", "dur": 466.39999999752, "tid": 1, "ts": 37077387, "pid": 1, "args": {"0":"CAB-c027b5d99f29eca69deb8d470fdba74d.sharedAssets"}}
,{"name": "Hashing Objects", "ph": "X", "dur": 75.6000000037602, "tid": 1, "ts": 37077855, "pid": 1, "args": {"0":"CAB-c027b5d99f29eca69deb8d470fdba74d.sharedAssets"}}
,{"name": "Load Cached Data", "ph": "X", "dur": 372.699999999895, "tid": 1, "ts": 37094092, "pid": 1}
,{"name": "LoadCachedData", "ph": "X", "dur": 362.399999998161, "tid": 1, "ts": 37094096, "pid": 1, "args": {"0":"2 items", "1":"Time spent deserializing: 0ms", "2":"Local Cache hit count: 0"}}
,{"name": "Read and deserialize cache info", "ph": "X", "dur": 350.699999995413, "tid": 1, "ts": 37094103, "pid": 1}
,{"name": "Check for changed dependencies", "ph": "X", "dur": 3.19999999919673, "tid": 1, "ts": 37094458, "pid": 1, "args": {"0":"Unchanged dependencies count: 0"}}
,{"name": "Process Entries", "ph": "X", "dur": 1790683, "tid": 1, "ts": 37094753, "pid": 1}
,{"name": "Writing AssetBundleWriteOperation", "ph": "X", "dur": 1284438.9, "tid": 1, "ts": 37096647, "pid": 1, "args": {"0":"CAB-8b0f73daf6d6fe927b5bc059b49792e3"}}
,{"name": "Writing SceneBundleWriteOperation", "ph": "X", "dur": 488510.199999997, "tid": 1, "ts": 38395197, "pid": 1, "args": {"0":"CAB-c027b5d99f29eca69deb8d470fdba74d.sharedAssets"}}
,{"name": "Process Cached Entries", "ph": "X", "dur": 27.0000000018626, "tid": 1, "ts": 38885440, "pid": 1}
,{"name": "Saving to Cache", "ph": "X", "dur": 10206.8999999974, "tid": 1, "ts": 38887084, "pid": 1}
,{"name": "Creating Cached Infos", "ph": "X", "dur": 641.499999997905, "tid": 1, "ts": 38887088, "pid": 1}
,{"name": "SaveCachedData", "ph": "X", "dur": 9552.99999999988, "tid": 1, "ts": 38887731, "pid": 1, "args": {"0":"Saving 2 infos"}}
,{"name": "SerializingCacheInfos[2]", "ph": "X", "dur": 9363.29999999725, "tid": 1, "ts": 38887915, "pid": 1}
,{"name": "ArchiveAndCompressBundles", "ph": "X", "dur": 93588.5000000053, "tid": 1, "ts": 38897540, "pid": 1}
,{"name": "CreateWorkItems", "ph": "X", "dur": 3092.00000000419, "tid": 1, "ts": 38901181, "pid": 1}
,{"name": "Creating Cache Entries", "ph": "X", "dur": 3743.89999999403, "tid": 1, "ts": 38904280, "pid": 1}
,{"name": "Load Cached Data", "ph": "X", "dur": 389.600000002247, "tid": 1, "ts": 38908027, "pid": 1}
,{"name": "LoadCachedData", "ph": "X", "dur": 379.700000004959, "tid": 1, "ts": 38908030, "pid": 1, "args": {"0":"2 items", "1":"Time spent deserializing: 0ms", "2":"Local Cache hit count: 0"}}
,{"name": "Read and deserialize cache info", "ph": "X", "dur": 367.500000000291, "tid": 1, "ts": 38908037, "pid": 1}
,{"name": "Check for changed dependencies", "ph": "X", "dur": 3.19999999919673, "tid": 1, "ts": 38908410, "pid": 1, "args": {"0":"Unchanged dependencies count: 0"}}
,{"name": "CopyingCachedFiles", "ph": "X", "dur": 6.99999999778811, "tid": 1, "ts": 38908735, "pid": 1}
,{"name": "ArchiveItems", "ph": "X", "dur": 66177.1000000008, "tid": 1, "ts": 38909049, "pid": 1, "args": {"0":"Archiving 2 Bundles"}}
,{"name": "ArchiveSingleItem", "ph": "X", "dur": 62993.3, "tid": 19335, "ts": 38909063, "pid": 1, "args": {"0":"plume_scenes"}}
,{"name": "Copying From Cache", "ph": "X", "dur": 1115.5, "tid": 19335, "ts": 38970939, "pid": 1, "args": {"0":"C:\\Users\\arail\\6DOF_Project\\Library\\BuildCache\\14\\144de52812659e7928023b53da83688b\\b33629bb467dd622579b2e41c381cff9\\b29eef325023203a60cd7a59f8eec2f8 -> C:\\Users\\arail\\6DOF_Project\\Assets\\AssetBundles\\plume_bundle\\plume_scenes"}}
,{"name": "ArchiveSingleItem", "ph": "X", "dur": 45228, "tid": 19339, "ts": 38909076, "pid": 1, "args": {"0":"plume_assets"}}
,{"name": "Copying From Cache", "ph": "X", "dur": 3398.3, "tid": 19339, "ts": 38950901, "pid": 1, "args": {"0":"C:\\Users\\arail\\6DOF_Project\\Library\\BuildCache\\d1\\d17e1915b72f6122da9d14230aae25c9\\82ae703c033c643b3a66df360927ef55\\8b0f73daf6d6fe927b5bc059b49792e3 -> C:\\Users\\arail\\6DOF_Project\\Assets\\AssetBundles\\plume_bundle\\plume_assets"}}
,{"name": "PostArchiveProcessing", "ph": "X", "dur": 4683.39999999444, "tid": 1, "ts": 38978178, "pid": 1}
,{"name": "Copying To Cache", "ph": "X", "dur": 4989.09999999887, "tid": 1, "ts": 38982866, "pid": 1}
,{"name": "SaveCachedData", "ph": "X", "dur": 4687.2000000003, "tid": 1, "ts": 38983158, "pid": 1, "args": {"0":"Saving 2 infos"}}
,{"name": "SerializingCacheInfos[2]", "ph": "X", "dur": 4523.50000000297, "tid": 1, "ts": 38983313, "pid": 1}
,{"name": "AppendBundleHash", "ph": "X", "dur": 414.299999996729, "tid": 1, "ts": 38991259, "pid": 1}
,{"name": "GenerateLinkXml", "ph": "X", "dur": 515.800000001036, "tid": 1, "ts": 38991737, "pid": 1}
,{"name": "PostWritingCallback", "ph": "X", "dur": 166.600000004109, "tid": 1, "ts": 38992337, "pid": 1}
]
}
